{
    "schema": "1.0",
    "type": "whmcs-addons",
    "name": "CyberESXI",
    "license": "MIT",
    "category": "addon",
    "description": {
        "name": "CyberESXI Addon Module",
        "tagline": "An addon module allows you to Manage a VMware ESXi virtual servers.",
        "long": "CyberESXI is a module designed for hosting companies using the WHMCS system. With Esx Addon, you can enable your clients to manage the virtual servers you created with Vmware ESX, ESXi software.",
        "features": [
            "Provide both client and admin facing user interfaces",
            "tools to manage Esxi Vps"
        ]
    },
    "logo": {
        "filename": "Logo.png"
    },
    "support": {
        "homepage": "https:\/\/www.cyberonline.ir\/", 
        "learn_more": "https:\/\/www.cyberonline.ir", 
        "email": "ircpanelcom@gmail.com", 
        "support_url": "https:\/\/www.cyberonline.ir\/",
        "docs_url": "https:\/\/www.cyberonline.ir\/"
    },
    "authors": [
        {
            "name": "CyberGroup",
            "homepage": "https:\/\/www.cyberonline.ir\/"
        }
    ]
}
